{"cameraMode":{"drawMode":0,"name":"Shaded","section":"Shading Mode"},"sceneLighting":false,"audioPlay":false,"sceneViewState":{"showFog":true,"showMaterialUpdate":false,"showSkybox":true,"showFlares":true,"showImageEffects":true,"showParticleSystems":true},"in2DMode":false,"pivot":{"x":-12.630000114440918,"y":0.6000000238418579,"z":-0.5329474210739136},"rotation":{"x":-0.18387633562088014,"y":0.8159978985786438,"z":-0.3794907331466675,"w":-0.39537933468818667},"size":8.647049903869629,"orthographic":false}