{"cameraMode":{"drawMode":0,"name":"Shaded","section":"Shading Mode"},"sceneLighting":true,"audioPlay":false,"sceneViewState":{"showFog":true,"showMaterialUpdate":false,"showSkybox":true,"showFlares":true,"showImageEffects":true,"showParticleSystems":true},"in2DMode":false,"pivot":{"x":-0.37851905822753909,"y":2.803708076477051,"z":30.40353012084961},"rotation":{"x":-0.14722006022930146,"y":0.6933924555778503,"z":-0.1480163037776947,"w":-0.6896553039550781},"size":36.5815544128418,"orthographic":false}